<?xml version="1.0" encoding="UTF-8"?>
<beans  xmlns="http://www.springframework.org/schema/beans"  
    xmlns:xsi="http://www.w3.org/2001/XMLSchema-instance"  
    xsi:schemaLocation="http://www.springframework.org/schema/beans  
    http://www.springframework.org/schema/beans/spring-beans-4.0.xsd"> 
    
    <bean id="prod" class = "com.edu.Product"> 
    
   <property name="pid" value ="1"></property>
   <property name="pname" value ="Pulsar Bike"></property>
   <property name="pprice" value="195000.00"></property>
    
    </bean>
 
   <bean id="prod1" class = "com.edu.Product"> 
       <property name="pid" value ="2"></property>
   <property name="pname" value ="Led Tv"></property>
   <property name="pprice" value="49500.00"></property>
   
    </bean>
    
   <bean id="prod2" class = "com.edu.Product"> 
   <property name="pid" value ="3"></property>
   <property name="pname" value ="Laptop"></property>
   <property name="pprice" value="200000.00"></property>
   
    </bean>
 
    
    </beans>